<?xml version="1.0" encoding="UTF-8" standalone="yes"?>
<content>
    <custom_function>
        <namespace>detect</namespace>
        <name>log4j</name>
        <return_type>Boolean</return_type>
        <parameter_types>String</parameter_types>
        <execute_function_name>execute</execute_function_name>
        <script_engine>javascript</script_engine>
        <script>
	
function execute(payload){
	var regex= /(\$|%24)(\{|%7B).*(:|%3A).*(}|%7D)/gmi
	try{
		var found = payload.search(regex)
		return found!=-1
	} catch(e){
		return false
	}
}

        </script>
        <username>admin</username>
		<author>Salvatore Lia e Mattia Pranzini</author>
    </custom_function>
</content>